--
-- PostgreSQL database dump
--

\restrict fBpNIuUaXNeDmM1rPKN2Lh9OXKtEjklAl9cKnsbt47DfJGihZiEpVdQnmyq06wp

-- Dumped from database version 16.13 (Debian 16.13-1.pgdg13+1)
-- Dumped by pg_dump version 16.13 (Debian 16.13-1.pgdg13+1)

SET statement_timeout = 0;
SET lock_timeout = 0;
SET idle_in_transaction_session_timeout = 0;
SET client_encoding = 'UTF8';
SET standard_conforming_strings = on;
SELECT pg_catalog.set_config('search_path', '', false);
SET check_function_bodies = false;
SET xmloption = content;
SET client_min_messages = warning;
SET row_security = off;

--
-- Data for Name: blobs; Type: TABLE DATA; Schema: public; Owner: wardrobe_user
--

SET SESSION AUTHORIZATION DEFAULT;

ALTER TABLE public.blobs DISABLE TRIGGER ALL;

INSERT INTO public.blobs VALUES ('526b38012f59f4ef9f7493f884af510d4a2ec361d148da1a2f3aff49b6597a24', 85913, 'image/png', 1, '2026-04-30 16:29:31.897635+00', '2026-04-30 16:42:12.669249+00', NULL);
INSERT INTO public.blobs VALUES ('5ff31114896957bdd464641c9ed2e4a875f2714d5514405195c8ab3026496e49', 77992, 'image/png', 1, '2026-04-30 16:29:31.897635+00', '2026-04-30 16:42:12.669249+00', NULL);
INSERT INTO public.blobs VALUES ('219426a8787f2ce7096e919f54404c485fbebf94ae00430404623598a2527813', 3487664, 'model/gltf-binary', 1, '2026-04-30 16:29:31.897635+00', '2026-04-30 16:42:12.669249+00', NULL);
INSERT INTO public.blobs VALUES ('5856f12ac560e8561a98322b497892adde7ea27a90bf9909624d07654c468c71', 68951, 'image/png', 1, '2026-04-30 16:29:31.897635+00', '2026-04-30 16:42:12.669249+00', NULL);
INSERT INTO public.blobs VALUES ('300188e179f0bccddd158aefd8c137906c18ee78bd877dc56468a0e80c88a20b', 643312, 'image/png', 1, '2026-04-30 16:29:31.897635+00', '2026-04-30 16:42:12.669249+00', NULL);
INSERT INTO public.blobs VALUES ('108bb234a27bb233ebf938896e73517c78e4e80c5ef8fb2224fb6fab9af9378a', 68852, 'image/png', 1, '2026-04-30 16:29:31.897635+00', '2026-04-30 16:42:12.669249+00', NULL);
INSERT INTO public.blobs VALUES ('5d48c9aff6ab9578d9346d1e6060990d60869462b942c218a804c44b2c7a4a42', 57699, 'image/png', 1, '2026-04-30 16:29:31.897635+00', '2026-04-30 16:42:12.669249+00', NULL);
INSERT INTO public.blobs VALUES ('093ec1106012a040ea9e1218e58f531605c92e02055464846355c5c4061a401f', 47070, 'image/png', 1, '2026-04-30 16:29:31.897635+00', '2026-04-30 16:42:12.669249+00', NULL);
INSERT INTO public.blobs VALUES ('2da2a6288769e9565153919aef4be268c41d5526ebef311fb5a22c8e656e9c72', 48101, 'image/png', 1, '2026-04-30 16:29:31.897635+00', '2026-04-30 16:42:12.669249+00', NULL);
INSERT INTO public.blobs VALUES ('61cf4051f7441b566778724a34c86db0795387c6edbf49044753fb0b80360984', 60472, 'image/png', 1, '2026-04-30 16:29:31.897635+00', '2026-04-30 16:42:12.669249+00', NULL);
INSERT INTO public.blobs VALUES ('49d634d1f487cc1b4e35c480aa13b3dcb38fbaa6f337be2c2bfc013b4522db44', 4003748, 'model/gltf-binary', 1, '2026-04-30 16:29:31.897635+00', '2026-04-30 16:42:12.669249+00', NULL);
INSERT INTO public.blobs VALUES ('8500da57cd591b963259648975c34d8a5f176e36daddf2af1b68cfa99e8f7fe7', 303147, 'image/png', 1, '2026-04-29 05:06:38.721849+00', '2026-04-29 05:06:38.721849+00', NULL);
INSERT INTO public.blobs VALUES ('0e1e81aa1178a413ea223e0c7f8ac58fd0832266b77513c985f8b222a7839344', 1131240, 'image/jpeg', 1, '2026-04-30 16:29:31.897635+00', '2026-04-30 16:42:12.669249+00', NULL);
INSERT INTO public.blobs VALUES ('c0f0f3d2cad493b624246bff76b1e633f11facd3a5fdd855f2bad75e47f41ebb', 478175, 'image/png', 1, '2026-04-29 07:38:37.692012+00', '2026-04-29 07:38:37.692012+00', NULL);
INSERT INTO public.blobs VALUES ('a4480be7d1b165126ee679dfb7d09e58338e2eceb8a912443d257662fd8eae18', 253941, 'image/png', 3, '2026-04-29 07:06:48.177363+00', '2026-05-01 12:53:03.822871+00', NULL);
INSERT INTO public.blobs VALUES ('1846e0a62d45bf720f4e6622e6e07dda8db6ea34da7f6dbf813f79971d42fe69', 3166226, 'image/png', 1, '2026-04-30 16:29:31.897635+00', '2026-04-30 16:42:12.669249+00', NULL);
INSERT INTO public.blobs VALUES ('2ebe06379f8134fbf84504d2c67c433fdaed9584b0bef718c9faa59e5207a44e', 136270, 'image/png', 1, '2026-04-30 16:29:31.897635+00', '2026-04-30 16:42:12.669249+00', NULL);
INSERT INTO public.blobs VALUES ('4f6b0a2152fb4d1bc41ff72cdd3412c71c1bb986e02481f9128968365b9c06df', 115857, 'image/png', 1, '2026-04-30 16:29:31.897635+00', '2026-04-30 16:42:12.669249+00', NULL);
INSERT INTO public.blobs VALUES ('7a8805a24bf215ec9374889e7e79fd4472f5fe35eed6d03f65fa5c7201ebc668', 102254, 'image/png', 1, '2026-04-30 16:29:31.897635+00', '2026-04-30 16:42:12.669249+00', NULL);
INSERT INTO public.blobs VALUES ('4a2c96c93ee10554c41cfbedba1002bb2a52b7a0d609c3dbda95cb6a41637644', 2630, 'image/jpeg', 1, '2026-05-01 05:22:00.841173+00', '2026-05-01 05:22:00.841173+00', NULL);
INSERT INTO public.blobs VALUES ('d915dcfa9bf5b21f6fa78c51461af6ce4a607b539a5163c2b6201d2f23a772cd', 15389, 'image/jpeg', 1, '2026-05-01 05:22:51.137658+00', '2026-05-01 05:22:51.137658+00', NULL);
INSERT INTO public.blobs VALUES ('9ff768ebfd0bdff60cfc7862029a7dc834fb54397eb0a7b176bf826e940382ed', 4895, 'image/jpeg', 1, '2026-05-01 05:22:53.228633+00', '2026-05-01 05:22:53.228633+00', NULL);
INSERT INTO public.blobs VALUES ('eff856a7cacddf9da2e9bf33a419aeddc50f326a2e127f35bb20875733a18f57', 3012, 'image/jpeg', 1, '2026-05-01 05:22:57.413217+00', '2026-05-01 05:22:57.413217+00', NULL);
INSERT INTO public.blobs VALUES ('1dccc357ac62ffdd03d9e02e5725b323b9f37c6acc9bbcd2e819b2200a19c080', 3471, 'image/jpeg', 1, '2026-05-01 05:23:00.833023+00', '2026-05-01 05:23:00.833023+00', NULL);
INSERT INTO public.blobs VALUES ('a56441bad62736024f3945b9052b893c34bbdcf38aa2ddc62921aa5e4bdd6033', 4411, 'image/jpeg', 1, '2026-05-01 05:23:02.921966+00', '2026-05-01 05:23:02.921966+00', NULL);
INSERT INTO public.blobs VALUES ('4dc5c9b979afe5230938220a8b51344ae81d6e03516021af554e1676ea945189', 3592, 'image/jpeg', 1, '2026-05-01 05:23:07.105782+00', '2026-05-01 05:23:07.105782+00', NULL);
INSERT INTO public.blobs VALUES ('2a21aa1b0843d1b3dd0152c4387693fd8a59df5825b1e7b17bebed2aa3d99e60', 1031628, 'image/png', 0, '2026-04-27 09:33:52.91+00', '2026-04-27 09:55:01.656203+00', '2026-05-01 09:48:00.969384+00');
INSERT INTO public.blobs VALUES ('49545560a92c6f2ec0d6ce44e8fa63b435deff708a92066fe47ded8ebc1f9b69', 1051750, 'image/png', 0, '2026-04-27 09:55:01.661699+00', '2026-04-27 09:55:01.661699+00', '2026-05-01 09:48:00.973585+00');
INSERT INTO public.blobs VALUES ('7805b51f2dc9657dc14459cde8842e09df1dafb1cebf68e642b10288cebc4b64', 28781, 'image/jpeg', 3, '2026-04-29 05:00:36.304083+00', '2026-04-29 07:59:30.799051+00', NULL);
INSERT INTO public.blobs VALUES ('e2cb727b5937802d99ac7b7935b4e86919f1080caac68deadd33b20d2fff0c51', 321828, 'image/png', 1, '2026-04-29 06:30:25.207375+00', '2026-04-29 11:53:57.177309+00', NULL);
INSERT INTO public.blobs VALUES ('9668ee7455dad1aae7e214e61949195ec4cc41e977994dacfbb76a8204b84035', 50111, 'image/jpeg', 3, '2026-04-29 07:06:46.38089+00', '2026-05-01 12:53:01.011509+00', NULL);
INSERT INTO public.blobs VALUES ('ba835ace1e23da7f4c35af050baecbb076ec24f0a7dbee810372d69636c9e55b', 16546, 'image/png', 1, '2026-04-30 16:29:31.897635+00', '2026-04-30 16:42:12.669249+00', NULL);
INSERT INTO public.blobs VALUES ('996847f5614afdeacf2559d8885f2217e1a5a54e89a60a7b6f3c28dddb49388c', 242549, 'image/png', 2, '2026-04-30 16:29:31.897635+00', '2026-04-30 16:42:12.669249+00', NULL);
INSERT INTO public.blobs VALUES ('d87ce342d85e66005d5b77c5b442f058db6d835783e743e2cc1eddbdd84eda00', 109050, 'image/png', 1, '2026-04-30 16:29:31.897635+00', '2026-04-30 16:42:12.669249+00', NULL);
INSERT INTO public.blobs VALUES ('8b86899edda812c3829b1b10d997db1c02aaaa0d983216e274f8f60f1f64a1ee', 45722, 'image/png', 1, '2026-04-30 16:29:31.897635+00', '2026-04-30 16:42:12.669249+00', NULL);
INSERT INTO public.blobs VALUES ('cb1d5b9a11c243c52aa5421cbef31f93be6cbfc56a93f4befb4a7d5c594775e1', 91393, 'image/png', 1, '2026-04-30 16:29:31.897635+00', '2026-04-30 16:42:12.669249+00', NULL);
INSERT INTO public.blobs VALUES ('7eac92d4326cc64ff8abf13508b829baade1252e45a495c03f87971bd1419b35', 77138, 'image/png', 1, '2026-04-30 16:29:31.897635+00', '2026-04-30 16:42:12.669249+00', NULL);
INSERT INTO public.blobs VALUES ('8056347dce287ac87fe5c81854db95b010953db75aa73d27329080083848a3f5', 44287, 'image/png', 1, '2026-04-30 16:29:31.897635+00', '2026-04-30 16:42:12.669249+00', NULL);
INSERT INTO public.blobs VALUES ('b5b5def4f7b57fccc8a2e05342cefd5b51db322b3ee267ff2ae446b147162b16', 87007, 'image/png', 1, '2026-04-30 16:29:31.897635+00', '2026-04-30 16:42:12.669249+00', NULL);
INSERT INTO public.blobs VALUES ('f6612db5a0a91a4f89f18ba17eb7f5b7a80b383168c2e3c937ffef8a27e6569a', 53325, 'image/png', 1, '2026-04-30 16:29:31.897635+00', '2026-04-30 16:42:12.669249+00', NULL);
INSERT INTO public.blobs VALUES ('947bc31fd70f96ec209045deaaec859a60791a49113663adeb01357bdbbb9ce5', 57313, 'image/png', 1, '2026-04-30 16:29:31.897635+00', '2026-04-30 16:42:12.669249+00', NULL);
INSERT INTO public.blobs VALUES ('dc8d1a450e741606616b360fc310416e9690e9f5d7d01f973b86d5b296eea641', 41336, 'image/png', 1, '2026-04-30 16:29:31.897635+00', '2026-04-30 16:42:12.669249+00', NULL);
INSERT INTO public.blobs VALUES ('b9a08956435316fbb7dc3efcb13bdf675cdb8a3a910f3268437cf2f2aef7a9de', 71841, 'image/png', 1, '2026-04-30 16:29:31.897635+00', '2026-04-30 16:42:12.669249+00', NULL);
INSERT INTO public.blobs VALUES ('84b855cb32cee882ba5af6841f1c0fb14f7ca0ca88b76b4bc0da31bfcfed0541', 120936, 'image/png', 1, '2026-04-30 16:29:31.897635+00', '2026-04-30 16:42:12.669249+00', NULL);
INSERT INTO public.blobs VALUES ('ee8a0c0ac8f8c4daf851f6ca1037c0f3b9be143a4446e9c92ddde3037dfff413', 108798, 'image/png', 1, '2026-04-30 16:29:31.897635+00', '2026-04-30 16:42:12.669249+00', NULL);
INSERT INTO public.blobs VALUES ('c539e4bad1c43b9b1e4ad0532ad00d9b4c52d1a6ccb022ec3eb06984cbbb74ba', 70100, 'image/png', 1, '2026-04-30 16:29:31.897635+00', '2026-04-30 16:42:12.669249+00', NULL);
INSERT INTO public.blobs VALUES ('a3905a3a4a1aba04b261caa667cb6a1ac69b7d2e54374ad102be0704f4864d91', 106647, 'image/png', 1, '2026-04-30 16:29:31.897635+00', '2026-04-30 16:42:12.669249+00', NULL);
INSERT INTO public.blobs VALUES ('ddfb3251749c5ade006d7841c245dbfc8e56bb33d11496c892cfa8e1e1f13b02', 7099416, 'model/gltf-binary', 1, '2026-04-30 16:29:31.897635+00', '2026-04-30 16:42:12.669249+00', NULL);
INSERT INTO public.blobs VALUES ('0c1599a729a9684679e0c22ab8b46463a09099257ecfdcd5090515c0efc99078', 21312, 'image/png', 1, '2026-05-01 05:22:49.913241+00', '2026-05-01 05:22:49.913241+00', NULL);
INSERT INTO public.blobs VALUES ('d911f6d7ccdea16404ebf527c489570c8b44c9cbbec6caa616081b2904f4dd2f', 63148, 'image/png', 1, '2026-05-01 05:22:51.371976+00', '2026-05-01 05:22:51.371976+00', NULL);
INSERT INTO public.blobs VALUES ('dce2670036e7ca6ddff370fa4f3cfa7a956efee118f2d2a9988b0126ede1e0c7', 35202, 'image/png', 1, '2026-05-01 05:22:53.394791+00', '2026-05-01 05:22:53.394791+00', NULL);
INSERT INTO public.blobs VALUES ('825ef45f24fcf12df0be9d982c03a40edc910675d71f35a872cca3b83a78742e', 2821, 'image/jpeg', 1, '2026-05-01 05:22:55.32027+00', '2026-05-01 05:22:55.32027+00', NULL);
INSERT INTO public.blobs VALUES ('1e7eb29fbf114e31f5b6a78f3fea60ea22eb20a7844dcb0c8a63269439828d2c', 11919, 'image/png', 1, '2026-05-01 05:22:55.484989+00', '2026-05-01 05:22:55.484989+00', NULL);
INSERT INTO public.blobs VALUES ('1572caa01f7c4508ac7efaf4fdeba0c3d03b35cbd6ef79547b826cd74e8d4a0c', 31582, 'image/png', 1, '2026-05-01 05:22:57.578477+00', '2026-05-01 05:22:57.578477+00', NULL);
INSERT INTO public.blobs VALUES ('b054652548dfcfcd60bebafe16f51c5f353eeb5254037e73fe12ac21ac066c05', 3419, 'image/jpeg', 1, '2026-05-01 05:22:59.505825+00', '2026-05-01 05:22:59.505825+00', NULL);
INSERT INTO public.blobs VALUES ('7f89f41caddf0c84ee326f786900563143a38f6556ae3a2a3805d45588bd339d', 19071, 'image/png', 1, '2026-05-01 05:22:59.690495+00', '2026-05-01 05:22:59.690495+00', NULL);
INSERT INTO public.blobs VALUES ('6a416ee0d24d28c13c94cc25753543df99448da7058c1beae6a1b32e8bf5a6f2', 24988, 'image/png', 1, '2026-05-01 05:23:00.999705+00', '2026-05-01 05:23:00.999705+00', NULL);
INSERT INTO public.blobs VALUES ('99f86cd28bbf9aa976966ffda1f33502098bbb929ddb7c16c62293a99b3b1053', 28346, 'image/png', 1, '2026-05-01 05:23:03.10775+00', '2026-05-01 05:23:03.10775+00', NULL);
INSERT INTO public.blobs VALUES ('00d2bdd99f8056c827bf5f9132d8b9f5dbb0a4ead03a4334683b6315a5ea64b4', 1794, 'image/jpeg', 1, '2026-05-01 05:23:05.015529+00', '2026-05-01 05:23:05.015529+00', NULL);
INSERT INTO public.blobs VALUES ('ab4feab071fd342031de89ee6c48ad99a17c9d960a44243ebc3cbb028da1d6bf', 14198, 'image/png', 1, '2026-05-01 05:23:05.176595+00', '2026-05-01 05:23:05.176595+00', NULL);
INSERT INTO public.blobs VALUES ('a428915213b87d5df255de550e4e5bc870af00aa5da7885eb8b0e0e3eefe6044', 32325, 'image/png', 1, '2026-05-01 05:23:07.268025+00', '2026-05-01 05:23:07.268025+00', NULL);
INSERT INTO public.blobs VALUES ('624aeceb50a266cc507369f54e58dfb74d16c2b6aa39f4ade4fbe4b658a180bc', 3598, 'image/jpeg', 1, '2026-05-01 05:23:09.196259+00', '2026-05-01 05:23:09.196259+00', NULL);
INSERT INTO public.blobs VALUES ('afd14ed4ed2b005cac1ceee6dd70e16af71863e87ee98e2db0591e11affdc351', 36745, 'image/png', 1, '2026-05-01 05:23:09.356352+00', '2026-05-01 05:23:09.356352+00', NULL);


ALTER TABLE public.blobs ENABLE TRIGGER ALL;

--
-- Data for Name: users; Type: TABLE DATA; Schema: public; Owner: wardrobe_user
--

ALTER TABLE public.users DISABLE TRIGGER ALL;

INSERT INTO public.users VALUES ('b890192b-b607-43b7-86b5-70c79f5d3972', '1111', '1111@example.com', '$pbkdf2-sha256$29000$IAQgpHSOEYJwLgUghJDSmg$LdbDkI1aW0ylTfnGb0hTdlDzdMTvawCbAXdOMP7Ainw', 'CONSUMER', true, '2026-04-27 10:57:05.199602+00', '2026-04-27 10:57:05.199605+00', 'USR-C37DAB3D');
INSERT INTO public.users VALUES ('00000000-0000-0000-0000-000000000001', 'demo_user', 'demo@example.com', '$pbkdf2-sha256$29000$Regdo/Q.Z8yZU4oR4rwXgg$Ong4nXBF8qNOjJBQCMht1nwWSlV1um.nK3yL80ap8J4', 'CONSUMER', true, '2026-04-12 07:43:18.85849+00', '2026-05-01 13:02:06.447135+00', 'USR-329B649B');


ALTER TABLE public.users ENABLE TRIGGER ALL;

--
-- Data for Name: outfit_preview_tasks; Type: TABLE DATA; Schema: public; Owner: wardrobe_user
--

ALTER TABLE public.outfit_preview_tasks DISABLE TRIGGER ALL;



ALTER TABLE public.outfit_preview_tasks ENABLE TRIGGER ALL;

--
-- Data for Name: outfits; Type: TABLE DATA; Schema: public; Owner: wardrobe_user
--

ALTER TABLE public.outfits DISABLE TRIGGER ALL;



ALTER TABLE public.outfits ENABLE TRIGGER ALL;

--
-- Data for Name: wardrobes; Type: TABLE DATA; Schema: public; Owner: wardrobe_user
--

ALTER TABLE public.wardrobes DISABLE TRIGGER ALL;

INSERT INTO public.wardrobes VALUES ('d9042053-b547-4643-a6f0-9cf5e404e793', 'b890192b-b607-43b7-86b5-70c79f5d3972', 'My Wardrobe', 'REGULAR', 'Default main wardrobe', '2026-04-27 10:57:05.212801+00', '2026-04-27 10:57:05.212806+00', 'WRD-895DEB55', NULL, NULL, 'MAIN', 'MANUAL', NULL, '{}', '{}', false);
INSERT INTO public.wardrobes VALUES ('1c32fda9-50fe-43f0-a5c6-f0d6fd633b41', 'b890192b-b607-43b7-86b5-70c79f5d3972', 'Styled Look 1', 'VIRTUAL', 'Generated outfit wardrobe saved from Visualize.', '2026-04-29 08:00:40.064199+00', '2026-04-29 08:00:40.064205+00', 'WRD-7F7E65C9', 'd9042053-b547-4643-a6f0-9cf5e404e793', NULL, 'SUB', 'OUTFIT_EXPORT', NULL, '{skrit,1,111,1111,uid:USR-C37DAB3D}', '{}', false);
INSERT INTO public.wardrobes VALUES ('6ca4241a-07be-48c7-8163-16d6f895f907', '00000000-0000-0000-0000-000000000001', 'Styled Look 4', 'VIRTUAL', 'Generated outfit wardrobe saved from Visualize.', '2026-04-30 16:13:12.535046+00', '2026-04-30 16:13:12.535067+00', 'WRD-1F950FB9', '24e71747-d92f-424d-bca7-b5fe4aee80fb', NULL, 'SUB', 'OUTFIT_EXPORT', NULL, '{Tops,Cotton,Polo,demo_user,uid:USR-329B649B}', '{}', false);
INSERT INTO public.wardrobes VALUES ('8b211a24-61d9-4d26-b64c-dfc809bc524e', '00000000-0000-0000-0000-000000000001', 'Styled Look 05/01 12:03', 'VIRTUAL', NULL, '2026-05-01 12:03:10.84778+00', '2026-05-01 12:06:25.408453+00', 'WRD-95486D26', '24e71747-d92f-424d-bca7-b5fe4aee80fb', NULL, 'SUB', 'OUTFIT_EXPORT', NULL, '{Accessories,Straw,Outer,outside,"a.zip demo",accessory,hat,summer,"Outer Layer",Tops,Knit,top,turtleneck,knitwear,Bottoms,"Cotton blend",bottom,trousers,black,Mesh,shoes,"green sneaker",demo_user,uid:USR-329B649B}', '{}', true);
INSERT INTO public.wardrobes VALUES ('24e71747-d92f-424d-bca7-b5fe4aee80fb', '00000000-0000-0000-0000-000000000001', 'Main Wardrobe', 'REGULAR', 'Primary personal wardrobe', '2026-04-12 08:12:24.339149+00', '2026-05-01 04:57:19.270893+00', 'WRD-8CEFB8FF', NULL, NULL, 'MAIN', 'MANUAL', NULL, '{}', '{}', true);
INSERT INTO public.wardrobes VALUES ('6b974ef6-db7f-42f0-af4f-3394647dece7', '00000000-0000-0000-0000-000000000001', 'Everyday Clothing Set', 'VIRTUAL', 'Curated wardrobe with tops, bottoms, accessories, and inner or outer layer tags.', '2026-05-01 05:23:11.369368+00', '2026-05-01 05:29:27.383171+00', 'WRD-27CA5423', '24e71747-d92f-424d-bca7-b5fe4aee80fb', NULL, 'SUB', 'CARD_PACK', NULL, '{USR-329B649B,demo_user,7c71936e8b1147fa8a15dbbf4f05cd96,pack:9aa7aad8-a682-4321-8723-9fe39aa57eff}', '{Tops,Bottoms,Accessories,Outerwear,Dress,Presentation}', true);
INSERT INTO public.wardrobes VALUES ('8d000000-0000-4000-8000-00000000f001', '00000000-0000-0000-0000-000000000001', '3D Garment Collection', 'VIRTUAL', 'Wardrobe with original clothing photos, processed front images, angle renders, and textured GLB assets.', '2026-04-30 16:29:31.897635+00', '2026-04-30 16:29:31.897635+00', 'WRD-3DVIEW', '24e71747-d92f-424d-bca7-b5fe4aee80fb', NULL, 'SUB', 'CARD_PACK', '/files/card-packs/8d000000-0000-4000-8000-00000000c001/cover', '{GLB}', '{Tops,Bottoms,Accessories,Outerwear,Dress,Presentation}', true);
INSERT INTO public.wardrobes VALUES ('96e922d0-51db-4472-a794-a75f3acf8e40', '00000000-0000-0000-0000-000000000001', 'Styled Look 5', 'VIRTUAL', 'Generated outfit wardrobe saved from Visualize.', '2026-04-30 16:13:47.081114+00', '2026-05-01 12:52:55.768702+00', 'WRD-582CC567', '24e71747-d92f-424d-bca7-b5fe4aee80fb', NULL, 'SUB', 'OUTFIT_EXPORT', NULL, '{Tops,Cotton,Polo,demo_user,uid:USR-329B649B}', '{}', true);
INSERT INTO public.wardrobes VALUES ('e92a4a96-cc2e-48c4-8122-a371898fae03', '00000000-0000-0000-0000-000000000001', 'Styled Look 2', 'VIRTUAL', 'Generated outfit wardrobe saved from Visualize.', '2026-04-30 04:56:18.010576+00', '2026-05-01 04:55:35.677476+00', 'WRD-961E2700', '24e71747-d92f-424d-bca7-b5fe4aee80fb', NULL, 'SUB', 'OUTFIT_EXPORT', NULL, '{1,demo_user,uid:USR-329B649B}', '{}', false);
INSERT INTO public.wardrobes VALUES ('3cb380c0-0818-4e81-ac76-4d8543ae9eb6', '00000000-0000-0000-0000-000000000001', 'Styled Look 3', 'VIRTUAL', 'Generated outfit wardrobe saved from Visualize.', '2026-04-30 04:56:33.047185+00', '2026-05-01 04:56:34.199594+00', 'WRD-0F9F92FD', '24e71747-d92f-424d-bca7-b5fe4aee80fb', NULL, 'SUB', 'OUTFIT_EXPORT', NULL, '{1,demo_user,uid:USR-329B649B}', '{}', false);
INSERT INTO public.wardrobes VALUES ('e56c9e3d-e0ce-4ce5-8b95-4f57fd9bd405', '00000000-0000-0000-0000-000000000001', 'Styled Look 6', 'VIRTUAL', 'Generated outfit wardrobe saved from Visualize.', '2026-05-01 04:58:08.342967+00', '2026-05-01 04:58:08.342971+00', 'WRD-81CEB7E9', '24e71747-d92f-424d-bca7-b5fe4aee80fb', NULL, 'SUB', 'OUTFIT_EXPORT', NULL, '{Dress,Floral,"3D Demo",8-view,demo_user,uid:USR-329B649B}', '{}', false);
INSERT INTO public.wardrobes VALUES ('fd9c68aa-959a-479c-b1d3-bf31d601cf94', '00000000-0000-0000-0000-000000000001', 'Styled Look 7', 'VIRTUAL', 'Generated outfit wardrobe saved from Visualize.', '2026-05-01 09:43:40.653114+00', '2026-05-01 09:43:40.653142+00', 'WRD-1DAD1236', '24e71747-d92f-424d-bca7-b5fe4aee80fb', NULL, 'SUB', 'OUTFIT_EXPORT', NULL, '{Accessories,Straw,Outer,outside,"a.zip demo",accessory,hat,summer,"Outer Layer",Dress,Floral,"3D Demo",8-view,Bottoms,Polyester,bottom,joggers,pants,Mesh,shoes,"black sneaker",demo_user,uid:USR-329B649B}', '{}', false);


ALTER TABLE public.wardrobes ENABLE TRIGGER ALL;

--
-- Data for Name: card_packs; Type: TABLE DATA; Schema: public; Owner: wardrobe_user
--

ALTER TABLE public.card_packs DISABLE TRIGGER ALL;

INSERT INTO public.card_packs VALUES ('8d000000-0000-4000-8000-00000000c001', '00000000-0000-0000-0000-000000000001', '3D Garment Collection', 'Garments with original photos, processed front images, 8 angle renders, and textured GLB models for presentation and testing.', 'CLOTHING_COLLECTION', 'PUBLISHED', 'demo-8view-3d', 0, '2026-04-30 16:29:31.897635+00', NULL, '2026-04-30 16:29:31.897635+00', '2026-04-30 17:08:18.228872+00', '996847f5614afdeacf2559d8885f2217e1a5a54e89a60a7b6f3c28dddb49388c', '8d000000-0000-4000-8000-00000000f001', 6);
INSERT INTO public.card_packs VALUES ('9aa7aad8-a682-4321-8723-9fe39aa57eff', '00000000-0000-0000-0000-000000000001', 'Everyday Clothing Set', 'Curated creator pack with tops, bottoms, accessories, and inner or outer wear layer tags. 3D models are intentionally empty.', 'CLOTHING_COLLECTION', 'PUBLISHED', '7c71936e8b1147fa8a15dbbf4f05cd96', 0, '2026-05-01 05:23:11.366352+00', NULL, '2026-05-01 05:23:11.308135+00', '2026-05-01 05:23:11.366352+00', NULL, '6b974ef6-db7f-42f0-af4f-3394647dece7', 0);


ALTER TABLE public.card_packs ENABLE TRIGGER ALL;

--
-- Data for Name: card_pack_imports; Type: TABLE DATA; Schema: public; Owner: wardrobe_user
--

ALTER TABLE public.card_pack_imports DISABLE TRIGGER ALL;



ALTER TABLE public.card_pack_imports ENABLE TRIGGER ALL;

--
-- Data for Name: clothing_items; Type: TABLE DATA; Schema: public; Owner: wardrobe_user
--

ALTER TABLE public.clothing_items DISABLE TRIGGER ALL;

INSERT INTO public.clothing_items VALUES ('52334e4e-98cc-4aab-95aa-b905c175833c', 'b890192b-b607-43b7-86b5-70c79f5d3972', 'OWNED', '[]', '[{"key": "category", "value": "Tops"}, {"key": "material", "value": "Cotton"}, {"key": "style", "value": "Polo"}, {"key": "layer", "value": "Outer"}, {"key": "occasion", "value": "Casual"}, {"key": "color", "value": "Navy"}]', false, 'Navy Polo Shirt', 'Navy cotton polo shirt with a classic short-sleeve silhouette.', '{Tops,Cotton,Polo,"Outer Layer",Casual,Navy}', '2026-04-29 05:00:36.324802+00', '2026-04-29 05:00:36.324807+00', NULL, NULL, 'Tops', 'Cotton', 'Polo', 'PLACEHOLDER', false, 'SYNCED', 'PRIVATE', NULL, 0);
INSERT INTO public.clothing_items VALUES ('dda1fda3-6816-4bbd-9911-4d5e054082a4', 'b890192b-b607-43b7-86b5-70c79f5d3972', 'OWNED', '[]', '[{"key": "category", "value": "Tops"}, {"key": "material", "value": "Cotton"}, {"key": "style", "value": "Polo"}, {"key": "layer", "value": "Outer"}, {"key": "occasion", "value": "Casual"}, {"key": "color", "value": "Navy"}]', false, 'Navy Polo Shirt', 'Navy cotton polo shirt with a classic short-sleeve silhouette.', '{Tops,Cotton,Polo,"Outer Layer",Casual,Navy}', '2026-04-29 07:59:30.848893+00', '2026-04-29 07:59:30.8489+00', NULL, NULL, 'Tops', 'Cotton', 'Polo', 'PLACEHOLDER', false, 'SYNCED', 'PRIVATE', NULL, 0);
INSERT INTO public.clothing_items VALUES ('d78e64ac-f9b9-4463-a571-b3c3cd0711c7', '00000000-0000-0000-0000-000000000001', 'OWNED', '[]', '[{"key": "category", "value": "Tops"}, {"key": "material", "value": "Cotton"}, {"key": "style", "value": "Polo"}, {"key": "layer", "value": "Outer"}, {"key": "occasion", "value": "Casual"}, {"key": "color", "value": "Navy"}]', false, 'Navy Polo Shirt', 'Navy cotton polo shirt with a classic short-sleeve silhouette.', '{Tops,Cotton,Polo,"Outer Layer",Casual,Navy}', '2026-04-29 05:06:37.999813+00', '2026-04-29 05:06:37.999816+00', NULL, NULL, 'Tops', 'Cotton', 'Polo', 'PLACEHOLDER', false, 'SYNCED', 'PRIVATE', NULL, 0);
INSERT INTO public.clothing_items VALUES ('8d000001-0000-4000-8000-000000000001', '00000000-0000-0000-0000-000000000001', 'OWNED', '[{"key": "category", "value": "Outerwear"}, {"key": "style", "value": "Blazer"}, {"key": "demo", "value": "3D Demo"}, {"key": "pipeline", "value": "8-view"}]', '[{"key": "category", "value": "Outerwear"}, {"key": "material", "value": "Wool Blend"}, {"key": "style", "value": "Blazer"}, {"key": "layer", "value": "Outer"}, {"key": "occasion", "value": "Formal"}, {"key": "color", "value": "Blue"}]', true, 'Blue Tailored Blazer', 'Blue tailored blazer with structured lapels and a polished outerwear profile.', '{Outerwear,"Wool Blend",Blazer,"Outer Layer",Formal,Blue}', '2026-04-30 16:29:31.897635+00', '2026-04-30 16:32:16.99061+00', NULL, NULL, 'Outerwear', 'Wool blend', 'Blazer', 'GENERATED', true, 'SYNCED', 'PACK_ONLY', NULL, 0);
INSERT INTO public.clothing_items VALUES ('8d000002-0000-4000-8000-000000000002', '00000000-0000-0000-0000-000000000001', 'OWNED', '[{"key": "category", "value": "Outerwear"}, {"key": "style", "value": "Belted coat"}, {"key": "demo", "value": "3D Demo"}, {"key": "pipeline", "value": "8-view"}]', '[{"key": "category", "value": "Outerwear"}, {"key": "material", "value": "Wool Blend"}, {"key": "style", "value": "Belted Coat"}, {"key": "layer", "value": "Outer"}, {"key": "season", "value": "Winter"}, {"key": "color", "value": "Camel"}]', true, 'Camel Belted Coat', 'Camel belted coat with a long outerwear silhouette for cold-weather styling.', '{Outerwear,"Wool Blend","Belted Coat","Outer Layer",Winter,Camel}', '2026-04-30 16:29:31.897635+00', '2026-04-30 16:32:16.99061+00', NULL, NULL, 'Outerwear', 'Wool blend', 'Belted coat', 'GENERATED', true, 'SYNCED', 'PACK_ONLY', NULL, 0);
INSERT INTO public.clothing_items VALUES ('8d000003-0000-4000-8000-000000000003', '00000000-0000-0000-0000-000000000001', 'OWNED', '[{"key": "category", "value": "Dress"}, {"key": "style", "value": "Floral"}, {"key": "demo", "value": "3D Demo"}, {"key": "pipeline", "value": "8-view"}]', '[{"key": "category", "value": "Dress"}, {"key": "material", "value": "Chiffon"}, {"key": "style", "value": "Floral"}, {"key": "layer", "value": "Outer"}, {"key": "occasion", "value": "Occasion Wear"}, {"key": "pattern", "value": "Floral"}]', true, 'Floral Long Dress', 'Floral chiffon dress with a lightweight drape for occasion styling.', '{Dress,Chiffon,Floral,"Outer Layer","Occasion Wear",Patterned}', '2026-04-30 16:29:31.897635+00', '2026-04-30 16:32:16.99061+00', NULL, NULL, 'Dress', 'Chiffon', 'Floral', 'GENERATED', true, 'SYNCED', 'PACK_ONLY', NULL, 0);
INSERT INTO public.clothing_items VALUES ('a2e5cfab-b1e3-4ccc-a9a7-7530b8dd5cde', '00000000-0000-0000-0000-000000000001', 'OWNED', '[]', '[{"key": "category", "value": "Tops"}, {"key": "material", "value": "Cotton"}, {"key": "layer", "value": "Inner"}, {"key": "wearPosition", "value": "Inside"}, {"key": "style", "value": "Basic Tee"}, {"key": "color", "value": "White"}]', false, 'White Cotton Tee', 'Imported clothing item with curated presentation tags.', '{Tops,Cotton,"Inner Layer","Basic Tee",White,Casual}', '2026-05-01 05:22:00.851651+00', '2026-05-01 05:22:51.121683+00', NULL, NULL, 'Tops', 'Cotton', 'Inner wear', 'PLACEHOLDER', false, 'SYNCED', 'PACK_ONLY', NULL, 0);
INSERT INTO public.clothing_items VALUES ('40f1d3a5-0720-4aea-9089-ef3067b83552', '00000000-0000-0000-0000-000000000001', 'OWNED', '[]', '[{"key": "category", "value": "Tops"}, {"key": "material", "value": "Cotton"}, {"key": "layer", "value": "Inner"}, {"key": "wearPosition", "value": "Inside"}, {"key": "style", "value": "Short Sleeve"}, {"key": "pattern", "value": "Striped"}]', false, 'Striped Short Sleeve Top', 'Imported clothing item with curated presentation tags.', '{Tops,Cotton,"Inner Layer","Short Sleeve",Striped,Casual}', '2026-05-01 05:22:51.139241+00', '2026-05-01 05:22:53.217149+00', NULL, NULL, 'Tops', 'Cotton', 'Inner wear', 'PLACEHOLDER', false, 'SYNCED', 'PACK_ONLY', NULL, 0);
INSERT INTO public.clothing_items VALUES ('dd5d6123-28a0-4bcf-a78c-4dd2199a579f', '00000000-0000-0000-0000-000000000001', 'OWNED', '[]', '[{"key": "category", "value": "Bottoms"}, {"key": "material", "value": "Polyester"}, {"key": "layer", "value": "Outer"}, {"key": "wearPosition", "value": "Outside"}, {"key": "style", "value": "Joggers"}, {"key": "color", "value": "Blue"}]', false, 'Blue Jogger Pants', 'Imported clothing item with curated presentation tags.', '{Bottoms,Polyester,"Outer Layer",Joggers,Blue,Athleisure}', '2026-05-01 05:22:53.230124+00', '2026-05-01 05:22:55.308972+00', NULL, NULL, 'Bottoms', 'Polyester', 'Outer wear', 'PLACEHOLDER', false, 'SYNCED', 'PACK_ONLY', NULL, 0);
INSERT INTO public.clothing_items VALUES ('0b7432e3-b181-4494-aec6-d7d7109f0fbb', '00000000-0000-0000-0000-000000000001', 'OWNED', '[]', '[{"key": "category", "value": "Bottoms"}, {"key": "material", "value": "Cotton Blend"}, {"key": "layer", "value": "Outer"}, {"key": "wearPosition", "value": "Outside"}, {"key": "style", "value": "Straight Trousers"}, {"key": "color", "value": "Black"}]', false, 'Black Straight Trousers', 'Imported clothing item with curated presentation tags.', '{Bottoms,"Cotton Blend","Outer Layer","Straight Trousers",Black,"Smart Casual"}', '2026-05-01 05:22:55.322094+00', '2026-05-01 05:22:57.401641+00', NULL, NULL, 'Bottoms', 'Cotton blend', 'Outer wear', 'PLACEHOLDER', false, 'SYNCED', 'PACK_ONLY', NULL, 0);
INSERT INTO public.clothing_items VALUES ('08435b56-1bf8-4a50-8b6c-e7185a7be45c', '00000000-0000-0000-0000-000000000001', 'OWNED', '[]', '[{"key": "category", "value": "Accessories"}, {"key": "material", "value": "Straw"}, {"key": "layer", "value": "Outer"}, {"key": "style", "value": "Brim Hat"}, {"key": "season", "value": "Summer"}, {"key": "color", "value": "Natural"}]', false, 'Straw Brim Hat', 'Imported clothing item with curated presentation tags.', '{Accessories,Straw,"Outer Layer","Brim Hat",Summer,Natural}', '2026-05-01 05:22:57.414738+00', '2026-05-01 05:22:59.493376+00', NULL, NULL, 'Accessories', 'Straw', 'Outer wear', 'PLACEHOLDER', false, 'SYNCED', 'PACK_ONLY', NULL, 0);
INSERT INTO public.clothing_items VALUES ('c8f26f59-c08d-4ec1-b6c4-9b30897ae459', '00000000-0000-0000-0000-000000000001', 'OWNED', '[]', '[{"key": "category", "value": "Accessories"}, {"key": "material", "value": "Cotton"}, {"key": "layer", "value": "Outer"}, {"key": "style", "value": "Baseball Cap"}, {"key": "occasion", "value": "Casual"}, {"key": "color", "value": "Black"}]', false, 'Black Baseball Cap', 'Imported clothing item with curated presentation tags.', '{Accessories,Cotton,"Outer Layer","Baseball Cap",Casual,Black}', '2026-05-01 05:22:59.508107+00', '2026-05-01 05:23:00.822219+00', NULL, NULL, 'Accessories', 'Cotton', 'Outer wear', 'PLACEHOLDER', false, 'SYNCED', 'PACK_ONLY', NULL, 0);
INSERT INTO public.clothing_items VALUES ('24d22112-3eeb-4ed5-8260-02f684fa2d29', '00000000-0000-0000-0000-000000000001', 'OWNED', '[]', '[{"key": "category", "value": "Accessories"}, {"key": "material", "value": "Mesh"}, {"key": "layer", "value": "Outer"}, {"key": "style", "value": "Running Sneaker"}, {"key": "occasion", "value": "Sport"}, {"key": "color", "value": "Green"}]', false, 'Green Running Sneaker', 'Imported clothing item with curated presentation tags.', '{Accessories,Mesh,"Outer Layer","Running Sneaker",Sport,Green}', '2026-05-01 05:23:00.834572+00', '2026-05-01 05:23:02.911012+00', NULL, NULL, 'Accessories', 'Mesh', 'Outer wear', 'PLACEHOLDER', false, 'SYNCED', 'PACK_ONLY', NULL, 0);
INSERT INTO public.clothing_items VALUES ('19757371-f19f-4c54-97bd-7c0b1abedfd0', '00000000-0000-0000-0000-000000000001', 'OWNED', '[]', '[{"key": "category", "value": "Tops"}, {"key": "material", "value": "Cotton"}, {"key": "layer", "value": "Inner"}, {"key": "wearPosition", "value": "Inside"}, {"key": "style", "value": "Sleeveless Tank"}, {"key": "color", "value": "White"}]', false, 'White Sleeveless Tank', 'Imported clothing item with curated presentation tags.', '{Tops,Cotton,"Inner Layer","Sleeveless Tank",White,Basic}', '2026-05-01 05:23:05.016967+00', '2026-05-01 05:23:07.094904+00', NULL, NULL, 'Tops', 'Cotton', 'Inner wear', 'PLACEHOLDER', false, 'SYNCED', 'PACK_ONLY', NULL, 0);
INSERT INTO public.clothing_items VALUES ('4fd4269b-cc91-493b-a2d1-b7d75b6cd3e9', '00000000-0000-0000-0000-000000000001', 'OWNED', '[]', '[{"key": "category", "value": "Accessories"}, {"key": "material", "value": "Mesh"}, {"key": "layer", "value": "Outer"}, {"key": "style", "value": "Running Shoes"}, {"key": "occasion", "value": "Sport"}, {"key": "color", "value": "Black"}]', false, 'Black Running Shoes', 'Imported clothing item with curated presentation tags.', '{Accessories,Mesh,"Outer Layer","Running Shoes",Sport,Black}', '2026-05-01 05:23:02.923789+00', '2026-05-01 05:23:05.002388+00', NULL, NULL, 'Accessories', 'Mesh', 'Outer wear', 'PLACEHOLDER', false, 'SYNCED', 'PACK_ONLY', NULL, 0);
INSERT INTO public.clothing_items VALUES ('36d75087-5b01-4b96-8eae-6b2d4e45e544', '00000000-0000-0000-0000-000000000001', 'OWNED', '[]', '[{"key": "category", "value": "Bottoms"}, {"key": "material", "value": "Cotton Fleece"}, {"key": "layer", "value": "Outer"}, {"key": "wearPosition", "value": "Outside"}, {"key": "style", "value": "Sweatpants"}, {"key": "color", "value": "Light Blue"}]', false, 'Light Blue Sweatpants', 'Imported clothing item with curated presentation tags.', '{Bottoms,"Cotton Fleece","Outer Layer",Sweatpants,"Light Blue",Loungewear}', '2026-05-01 05:23:07.107262+00', '2026-05-01 05:23:09.184471+00', NULL, NULL, 'Bottoms', 'Cotton fleece', 'Outer wear', 'PLACEHOLDER', false, 'SYNCED', 'PACK_ONLY', NULL, 0);
INSERT INTO public.clothing_items VALUES ('64c990ac-bb0f-4e88-b6ca-8d0fb559c3d6', '00000000-0000-0000-0000-000000000001', 'OWNED', '[]', '[{"key": "category", "value": "Tops"}, {"key": "material", "value": "Knit"}, {"key": "layer", "value": "Outer"}, {"key": "wearPosition", "value": "Outside"}, {"key": "style", "value": "Turtleneck"}, {"key": "color", "value": "Purple"}]', false, 'Purple Knit Turtleneck', 'Imported clothing item with curated presentation tags.', '{Tops,Knit,"Outer Layer",Turtleneck,Purple,Knitwear}', '2026-05-01 05:23:09.19779+00', '2026-05-01 05:23:11.276635+00', NULL, NULL, 'Tops', 'Knit', 'Outer wear', 'PLACEHOLDER', false, 'SYNCED', 'PACK_ONLY', NULL, 0);


ALTER TABLE public.clothing_items ENABLE TRIGGER ALL;

--
-- Data for Name: card_pack_items; Type: TABLE DATA; Schema: public; Owner: wardrobe_user
--

ALTER TABLE public.card_pack_items DISABLE TRIGGER ALL;

INSERT INTO public.card_pack_items VALUES ('dda8e52c-d05b-4d43-a115-98780f37ae60', '8d000000-0000-4000-8000-00000000c001', '8d000001-0000-4000-8000-000000000001', 0, '2026-04-30 16:29:31.897635+00');
INSERT INTO public.card_pack_items VALUES ('ab85bf08-1f42-41a5-8f39-fd4d8fdbc87e', '8d000000-0000-4000-8000-00000000c001', '8d000002-0000-4000-8000-000000000002', 1, '2026-04-30 16:29:31.897635+00');
INSERT INTO public.card_pack_items VALUES ('45ad4297-dc9b-42e2-ac98-7724194dfff3', '8d000000-0000-4000-8000-00000000c001', '8d000003-0000-4000-8000-000000000003', 2, '2026-04-30 16:29:31.897635+00');
INSERT INTO public.card_pack_items VALUES ('d2d84dc4-0e6d-404c-bde4-bb0bc317c473', '9aa7aad8-a682-4321-8723-9fe39aa57eff', 'a2e5cfab-b1e3-4ccc-a9a7-7530b8dd5cde', 0, '2026-05-01 05:23:11.312738+00');
INSERT INTO public.card_pack_items VALUES ('7257e102-aac4-4e5d-9c71-203b71f3f900', '9aa7aad8-a682-4321-8723-9fe39aa57eff', '40f1d3a5-0720-4aea-9089-ef3067b83552', 1, '2026-05-01 05:23:11.312738+00');
INSERT INTO public.card_pack_items VALUES ('5f5b90b2-a3e0-442d-82be-d975489bd204', '9aa7aad8-a682-4321-8723-9fe39aa57eff', 'dd5d6123-28a0-4bcf-a78c-4dd2199a579f', 2, '2026-05-01 05:23:11.312738+00');
INSERT INTO public.card_pack_items VALUES ('ca54431d-0965-48a0-ba99-b322c5f9d1ab', '9aa7aad8-a682-4321-8723-9fe39aa57eff', '0b7432e3-b181-4494-aec6-d7d7109f0fbb', 3, '2026-05-01 05:23:11.312738+00');
INSERT INTO public.card_pack_items VALUES ('c5dbc581-98d1-4293-8a25-4a720a30bafe', '9aa7aad8-a682-4321-8723-9fe39aa57eff', '08435b56-1bf8-4a50-8b6c-e7185a7be45c', 4, '2026-05-01 05:23:11.312738+00');
INSERT INTO public.card_pack_items VALUES ('b086bedc-326f-45d6-ab69-4d153d0a141f', '9aa7aad8-a682-4321-8723-9fe39aa57eff', 'c8f26f59-c08d-4ec1-b6c4-9b30897ae459', 5, '2026-05-01 05:23:11.312738+00');
INSERT INTO public.card_pack_items VALUES ('e6cbbf23-b4c6-4385-9372-213ddd2d9e8e', '9aa7aad8-a682-4321-8723-9fe39aa57eff', '24d22112-3eeb-4ed5-8260-02f684fa2d29', 6, '2026-05-01 05:23:11.312738+00');
INSERT INTO public.card_pack_items VALUES ('bb5aa8fb-772f-4dfe-b3f9-5be46edc7fc0', '9aa7aad8-a682-4321-8723-9fe39aa57eff', '4fd4269b-cc91-493b-a2d1-b7d75b6cd3e9', 7, '2026-05-01 05:23:11.312738+00');
INSERT INTO public.card_pack_items VALUES ('1fd07d85-5dc8-45f3-896d-88785bfaa463', '9aa7aad8-a682-4321-8723-9fe39aa57eff', '19757371-f19f-4c54-97bd-7c0b1abedfd0', 8, '2026-05-01 05:23:11.312738+00');
INSERT INTO public.card_pack_items VALUES ('e27fff63-6aca-4df8-9032-caafa29f4652', '9aa7aad8-a682-4321-8723-9fe39aa57eff', '36d75087-5b01-4b96-8eae-6b2d4e45e544', 9, '2026-05-01 05:23:11.312738+00');
INSERT INTO public.card_pack_items VALUES ('dab30cbd-039f-4579-81b2-d7da2c5dbd1d', '9aa7aad8-a682-4321-8723-9fe39aa57eff', '64c990ac-bb0f-4e88-b6ca-8d0fb559c3d6', 10, '2026-05-01 05:23:11.312738+00');


ALTER TABLE public.card_pack_items ENABLE TRIGGER ALL;

--
-- Data for Name: creator_profiles; Type: TABLE DATA; Schema: public; Owner: wardrobe_user
--

ALTER TABLE public.creator_profiles DISABLE TRIGGER ALL;

INSERT INTO public.creator_profiles VALUES ('00000000-0000-0000-0000-000000000001', 'ACTIVE', 'Demo Creator', 'Demo Brand', 'Seed creator profile for local Docker integration.', NULL, NULL, '{}', false, NULL, '2026-04-27 09:17:18.021442+00', '2026-04-30 16:42:35.337126+00');


ALTER TABLE public.creator_profiles ENABLE TRIGGER ALL;

--
-- Data for Name: images; Type: TABLE DATA; Schema: public; Owner: wardrobe_user
--

ALTER TABLE public.images DISABLE TRIGGER ALL;

INSERT INTO public.images VALUES ('e3a74f11-d46d-43af-9190-b7d6121b5d6a', '52334e4e-98cc-4aab-95aa-b905c175833c', 'ORIGINAL_FRONT', NULL, '2026-04-29 05:00:36.336654+00', '7805b51f2dc9657dc14459cde8842e09df1dafb1cebf68e642b10288cebc4b64');
INSERT INTO public.images VALUES ('3371165d-4044-4fe2-a235-8bce153bd9bf', 'd78e64ac-f9b9-4463-a571-b3c3cd0711c7', 'ORIGINAL_FRONT', NULL, '2026-04-29 05:06:38.002071+00', '7805b51f2dc9657dc14459cde8842e09df1dafb1cebf68e642b10288cebc4b64');
INSERT INTO public.images VALUES ('9b8a0909-41d0-46b6-aa4c-b2ca716e130d', 'd78e64ac-f9b9-4463-a571-b3c3cd0711c7', 'PROCESSED_FRONT', NULL, '2026-04-29 05:06:38.727503+00', '8500da57cd591b963259648975c34d8a5f176e36daddf2af1b68cfa99e8f7fe7');
INSERT INTO public.images VALUES ('1042420a-b291-4fa0-9b5a-fda636fece31', 'dda1fda3-6816-4bbd-9911-4d5e054082a4', 'ORIGINAL_FRONT', NULL, '2026-04-29 07:59:30.86646+00', '7805b51f2dc9657dc14459cde8842e09df1dafb1cebf68e642b10288cebc4b64');
INSERT INTO public.images VALUES ('24f4c06a-b134-438c-a829-74294ae94b99', 'dda1fda3-6816-4bbd-9911-4d5e054082a4', 'PROCESSED_FRONT', NULL, '2026-04-29 11:53:57.215639+00', 'e2cb727b5937802d99ac7b7935b4e86919f1080caac68deadd33b20d2fff0c51');
INSERT INTO public.images VALUES ('b469c825-7cd2-4eb4-b880-8be99f160349', '8d000001-0000-4000-8000-000000000001', 'ORIGINAL_FRONT', NULL, '2026-04-30 16:29:31.897635+00', 'ba835ace1e23da7f4c35af050baecbb076ec24f0a7dbee810372d69636c9e55b');
INSERT INTO public.images VALUES ('ee4ff963-0831-4d72-9eef-0e1f2f5bc259', '8d000001-0000-4000-8000-000000000001', 'PROCESSED_FRONT', NULL, '2026-04-30 16:29:31.897635+00', '996847f5614afdeacf2559d8885f2217e1a5a54e89a60a7b6f3c28dddb49388c');
INSERT INTO public.images VALUES ('2997074b-345f-4752-893d-50dd2b21fa5d', '8d000001-0000-4000-8000-000000000001', 'ANGLE_VIEW', 0, '2026-04-30 16:29:31.897635+00', 'd87ce342d85e66005d5b77c5b442f058db6d835783e743e2cc1eddbdd84eda00');
INSERT INTO public.images VALUES ('a06ad3a7-902c-40e3-a0ff-f01e44b55f45', '8d000001-0000-4000-8000-000000000001', 'ANGLE_VIEW', 45, '2026-04-30 16:29:31.897635+00', '526b38012f59f4ef9f7493f884af510d4a2ec361d148da1a2f3aff49b6597a24');
INSERT INTO public.images VALUES ('f27bd825-e387-4bc1-a064-376215c32674', '8d000001-0000-4000-8000-000000000001', 'ANGLE_VIEW', 90, '2026-04-30 16:29:31.897635+00', '8b86899edda812c3829b1b10d997db1c02aaaa0d983216e274f8f60f1f64a1ee');
INSERT INTO public.images VALUES ('1b8497be-9766-4d8d-a3d1-ff45113ec38e', '8d000001-0000-4000-8000-000000000001', 'ANGLE_VIEW', 135, '2026-04-30 16:29:31.897635+00', '5ff31114896957bdd464641c9ed2e4a875f2714d5514405195c8ab3026496e49');
INSERT INTO public.images VALUES ('a762bd5b-a053-4901-9c6b-54a49b2bc0b0', '8d000001-0000-4000-8000-000000000001', 'ANGLE_VIEW', 180, '2026-04-30 16:29:31.897635+00', 'cb1d5b9a11c243c52aa5421cbef31f93be6cbfc56a93f4befb4a7d5c594775e1');
INSERT INTO public.images VALUES ('d0be51a5-e563-415a-a616-c737c8c8ea91', '8d000001-0000-4000-8000-000000000001', 'ANGLE_VIEW', 225, '2026-04-30 16:29:31.897635+00', '7eac92d4326cc64ff8abf13508b829baade1252e45a495c03f87971bd1419b35');
INSERT INTO public.images VALUES ('3abecd8d-c23a-4a01-8aa4-b253542ed2a7', '8d000001-0000-4000-8000-000000000001', 'ANGLE_VIEW', 270, '2026-04-30 16:29:31.897635+00', '8056347dce287ac87fe5c81854db95b010953db75aa73d27329080083848a3f5');
INSERT INTO public.images VALUES ('27c97d1b-64ea-4485-a8b0-d1bef8d4a356', '8d000001-0000-4000-8000-000000000001', 'ANGLE_VIEW', 315, '2026-04-30 16:29:31.897635+00', 'b5b5def4f7b57fccc8a2e05342cefd5b51db322b3ee267ff2ae446b147162b16');
INSERT INTO public.images VALUES ('2bb27cec-6276-4076-aca7-8959f92cf1ff', '8d000002-0000-4000-8000-000000000002', 'ORIGINAL_FRONT', NULL, '2026-04-30 16:29:31.897635+00', '5856f12ac560e8561a98322b497892adde7ea27a90bf9909624d07654c468c71');
INSERT INTO public.images VALUES ('f1180cea-428e-46c7-9928-f6b84d222754', '8d000002-0000-4000-8000-000000000002', 'PROCESSED_FRONT', NULL, '2026-04-30 16:29:31.897635+00', '300188e179f0bccddd158aefd8c137906c18ee78bd877dc56468a0e80c88a20b');
INSERT INTO public.images VALUES ('36ffb889-b871-4f25-bf8a-3cf971136712', '8d000002-0000-4000-8000-000000000002', 'ANGLE_VIEW', 0, '2026-04-30 16:29:31.897635+00', '108bb234a27bb233ebf938896e73517c78e4e80c5ef8fb2224fb6fab9af9378a');
INSERT INTO public.images VALUES ('6537ad0e-5186-4a45-8db7-07c2e0818803', '8d000002-0000-4000-8000-000000000002', 'ANGLE_VIEW', 45, '2026-04-30 16:29:31.897635+00', '5d48c9aff6ab9578d9346d1e6060990d60869462b942c218a804c44b2c7a4a42');
INSERT INTO public.images VALUES ('209264a2-8f18-46bf-ae20-5fd07a036503', '8d000002-0000-4000-8000-000000000002', 'ANGLE_VIEW', 90, '2026-04-30 16:29:31.897635+00', '093ec1106012a040ea9e1218e58f531605c92e02055464846355c5c4061a401f');
INSERT INTO public.images VALUES ('04f0cc09-e2a6-4d58-8b8c-85d3daae97b1', '8d000002-0000-4000-8000-000000000002', 'ANGLE_VIEW', 135, '2026-04-30 16:29:31.897635+00', 'f6612db5a0a91a4f89f18ba17eb7f5b7a80b383168c2e3c937ffef8a27e6569a');
INSERT INTO public.images VALUES ('de994e7c-6ca0-4f8a-bf30-de1a76044f3b', '8d000002-0000-4000-8000-000000000002', 'ANGLE_VIEW', 180, '2026-04-30 16:29:31.897635+00', '947bc31fd70f96ec209045deaaec859a60791a49113663adeb01357bdbbb9ce5');
INSERT INTO public.images VALUES ('a3185b2f-1c1e-4b0b-be8a-1eb5282f64a9', '8d000002-0000-4000-8000-000000000002', 'ANGLE_VIEW', 225, '2026-04-30 16:29:31.897635+00', '2da2a6288769e9565153919aef4be268c41d5526ebef311fb5a22c8e656e9c72');
INSERT INTO public.images VALUES ('a1b140d2-c831-4e17-932b-b490c124233d', '8d000002-0000-4000-8000-000000000002', 'ANGLE_VIEW', 270, '2026-04-30 16:29:31.897635+00', 'dc8d1a450e741606616b360fc310416e9690e9f5d7d01f973b86d5b296eea641');
INSERT INTO public.images VALUES ('d121e81b-2320-4dee-b106-d36e891d0aae', '8d000002-0000-4000-8000-000000000002', 'ANGLE_VIEW', 315, '2026-04-30 16:29:31.897635+00', '61cf4051f7441b566778724a34c86db0795387c6edbf49044753fb0b80360984');
INSERT INTO public.images VALUES ('09103c8d-9625-4153-88dc-30eb1b05182b', '8d000003-0000-4000-8000-000000000003', 'ORIGINAL_FRONT', NULL, '2026-04-30 16:29:31.897635+00', '0e1e81aa1178a413ea223e0c7f8ac58fd0832266b77513c985f8b222a7839344');
INSERT INTO public.images VALUES ('abb56efa-1580-44fe-b8a8-1a88c14ba6d6', '8d000003-0000-4000-8000-000000000003', 'PROCESSED_FRONT', NULL, '2026-04-30 16:29:31.897635+00', '1846e0a62d45bf720f4e6622e6e07dda8db6ea34da7f6dbf813f79971d42fe69');
INSERT INTO public.images VALUES ('677ee445-85af-45c4-a117-b91dde8a3c4c', '8d000003-0000-4000-8000-000000000003', 'ANGLE_VIEW', 0, '2026-04-30 16:29:31.897635+00', '2ebe06379f8134fbf84504d2c67c433fdaed9584b0bef718c9faa59e5207a44e');
INSERT INTO public.images VALUES ('c07708c4-d49d-438b-83fe-1527abe56eb3', '8d000003-0000-4000-8000-000000000003', 'ANGLE_VIEW', 45, '2026-04-30 16:29:31.897635+00', '4f6b0a2152fb4d1bc41ff72cdd3412c71c1bb986e02481f9128968365b9c06df');
INSERT INTO public.images VALUES ('07d762ab-1d83-4422-ba65-2a1bb8977f4b', '8d000003-0000-4000-8000-000000000003', 'ANGLE_VIEW', 90, '2026-04-30 16:29:31.897635+00', 'b9a08956435316fbb7dc3efcb13bdf675cdb8a3a910f3268437cf2f2aef7a9de');
INSERT INTO public.images VALUES ('c15e64b2-29e3-44cd-b235-0d536e57179c', '8d000003-0000-4000-8000-000000000003', 'ANGLE_VIEW', 135, '2026-04-30 16:29:31.897635+00', '7a8805a24bf215ec9374889e7e79fd4472f5fe35eed6d03f65fa5c7201ebc668');
INSERT INTO public.images VALUES ('a715afd0-a9d0-48f5-bd7c-098307fad669', '8d000003-0000-4000-8000-000000000003', 'ANGLE_VIEW', 180, '2026-04-30 16:29:31.897635+00', '84b855cb32cee882ba5af6841f1c0fb14f7ca0ca88b76b4bc0da31bfcfed0541');
INSERT INTO public.images VALUES ('74aa6d95-12ec-4b8f-89d2-4eb76d3ef675', '8d000003-0000-4000-8000-000000000003', 'ANGLE_VIEW', 225, '2026-04-30 16:29:31.897635+00', 'ee8a0c0ac8f8c4daf851f6ca1037c0f3b9be143a4446e9c92ddde3037dfff413');
INSERT INTO public.images VALUES ('8ac6f09e-dad7-4929-b643-0baf56cf5ee7', '8d000003-0000-4000-8000-000000000003', 'ANGLE_VIEW', 270, '2026-04-30 16:29:31.897635+00', 'c539e4bad1c43b9b1e4ad0532ad00d9b4c52d1a6ccb022ec3eb06984cbbb74ba');
INSERT INTO public.images VALUES ('47e964ba-dc51-42cc-8311-4abf6bc685bb', '8d000003-0000-4000-8000-000000000003', 'ANGLE_VIEW', 315, '2026-04-30 16:29:31.897635+00', 'a3905a3a4a1aba04b261caa667cb6a1ac69b7d2e54374ad102be0704f4864d91');
INSERT INTO public.images VALUES ('f4e9200d-384c-4e79-bb1f-cb3c2157f953', 'a2e5cfab-b1e3-4ccc-a9a7-7530b8dd5cde', 'ORIGINAL_FRONT', NULL, '2026-05-01 05:22:00.86103+00', '4a2c96c93ee10554c41cfbedba1002bb2a52b7a0d609c3dbda95cb6a41637644');
INSERT INTO public.images VALUES ('6dd6f2b1-8a35-47dd-aa3f-16256d177e8e', 'a2e5cfab-b1e3-4ccc-a9a7-7530b8dd5cde', 'PROCESSED_FRONT', NULL, '2026-05-01 05:22:49.919064+00', '0c1599a729a9684679e0c22ab8b46463a09099257ecfdcd5090515c0efc99078');
INSERT INTO public.images VALUES ('5bb0b9f5-fde1-4403-84cc-a62ea3feb6fd', '40f1d3a5-0720-4aea-9089-ef3067b83552', 'ORIGINAL_FRONT', NULL, '2026-05-01 05:22:51.140143+00', 'd915dcfa9bf5b21f6fa78c51461af6ce4a607b539a5163c2b6201d2f23a772cd');
INSERT INTO public.images VALUES ('09c834ff-42f2-47f3-8dc1-974ef5ce9eda', '40f1d3a5-0720-4aea-9089-ef3067b83552', 'PROCESSED_FRONT', NULL, '2026-05-01 05:22:51.375219+00', 'd911f6d7ccdea16404ebf527c489570c8b44c9cbbec6caa616081b2904f4dd2f');
INSERT INTO public.images VALUES ('f1206ffd-3851-4cf2-be30-4090b8f9abe5', 'dd5d6123-28a0-4bcf-a78c-4dd2199a579f', 'ORIGINAL_FRONT', NULL, '2026-05-01 05:22:53.231405+00', '9ff768ebfd0bdff60cfc7862029a7dc834fb54397eb0a7b176bf826e940382ed');
INSERT INTO public.images VALUES ('18e3dbdd-10c1-4dd1-b832-6634e0e066e5', 'dd5d6123-28a0-4bcf-a78c-4dd2199a579f', 'PROCESSED_FRONT', NULL, '2026-05-01 05:22:53.399069+00', 'dce2670036e7ca6ddff370fa4f3cfa7a956efee118f2d2a9988b0126ede1e0c7');
INSERT INTO public.images VALUES ('4c8829ba-5dde-4729-ac2e-b631f9da74f1', '0b7432e3-b181-4494-aec6-d7d7109f0fbb', 'ORIGINAL_FRONT', NULL, '2026-05-01 05:22:55.324017+00', '825ef45f24fcf12df0be9d982c03a40edc910675d71f35a872cca3b83a78742e');
INSERT INTO public.images VALUES ('48b55d87-a57c-4421-b08d-e990daa64da2', '0b7432e3-b181-4494-aec6-d7d7109f0fbb', 'PROCESSED_FRONT', NULL, '2026-05-01 05:22:55.488118+00', '1e7eb29fbf114e31f5b6a78f3fea60ea22eb20a7844dcb0c8a63269439828d2c');
INSERT INTO public.images VALUES ('91b127a7-33d5-425c-b3c2-368c550e18e4', '08435b56-1bf8-4a50-8b6c-e7185a7be45c', 'ORIGINAL_FRONT', NULL, '2026-05-01 05:22:57.415654+00', 'eff856a7cacddf9da2e9bf33a419aeddc50f326a2e127f35bb20875733a18f57');
INSERT INTO public.images VALUES ('02865362-185c-4c49-9e59-a5491f945f81', '08435b56-1bf8-4a50-8b6c-e7185a7be45c', 'PROCESSED_FRONT', NULL, '2026-05-01 05:22:57.58161+00', '1572caa01f7c4508ac7efaf4fdeba0c3d03b35cbd6ef79547b826cd74e8d4a0c');
INSERT INTO public.images VALUES ('86b79c55-3018-4719-a7ee-3ec7321a97f5', 'c8f26f59-c08d-4ec1-b6c4-9b30897ae459', 'ORIGINAL_FRONT', NULL, '2026-05-01 05:22:59.508889+00', 'b054652548dfcfcd60bebafe16f51c5f353eeb5254037e73fe12ac21ac066c05');
INSERT INTO public.images VALUES ('bb0e2c78-5356-4773-8a4b-1af419f88ce9', 'c8f26f59-c08d-4ec1-b6c4-9b30897ae459', 'PROCESSED_FRONT', NULL, '2026-05-01 05:22:59.693757+00', '7f89f41caddf0c84ee326f786900563143a38f6556ae3a2a3805d45588bd339d');
INSERT INTO public.images VALUES ('423bd896-1c74-409e-a592-53b4bd518f3c', '24d22112-3eeb-4ed5-8260-02f684fa2d29', 'ORIGINAL_FRONT', NULL, '2026-05-01 05:23:00.835219+00', '1dccc357ac62ffdd03d9e02e5725b323b9f37c6acc9bbcd2e819b2200a19c080');
INSERT INTO public.images VALUES ('b9720bec-c6c3-4702-b91f-c3b6e96cacee', '24d22112-3eeb-4ed5-8260-02f684fa2d29', 'PROCESSED_FRONT', NULL, '2026-05-01 05:23:01.003641+00', '6a416ee0d24d28c13c94cc25753543df99448da7058c1beae6a1b32e8bf5a6f2');
INSERT INTO public.images VALUES ('4b3c688d-bff1-4c6b-acdd-b0dfefa77f95', '4fd4269b-cc91-493b-a2d1-b7d75b6cd3e9', 'ORIGINAL_FRONT', NULL, '2026-05-01 05:23:02.924519+00', 'a56441bad62736024f3945b9052b893c34bbdcf38aa2ddc62921aa5e4bdd6033');
INSERT INTO public.images VALUES ('4fae15a6-c8f9-487c-b5d4-bae1b3296bd4', '4fd4269b-cc91-493b-a2d1-b7d75b6cd3e9', 'PROCESSED_FRONT', NULL, '2026-05-01 05:23:03.112361+00', '99f86cd28bbf9aa976966ffda1f33502098bbb929ddb7c16c62293a99b3b1053');
INSERT INTO public.images VALUES ('712b0a49-6809-447c-86f9-c4c3645a4ed7', '19757371-f19f-4c54-97bd-7c0b1abedfd0', 'ORIGINAL_FRONT', NULL, '2026-05-01 05:23:05.017768+00', '00d2bdd99f8056c827bf5f9132d8b9f5dbb0a4ead03a4334683b6315a5ea64b4');
INSERT INTO public.images VALUES ('cb7ca941-609a-4bcb-80ec-740c20c83b55', '19757371-f19f-4c54-97bd-7c0b1abedfd0', 'PROCESSED_FRONT', NULL, '2026-05-01 05:23:05.179748+00', 'ab4feab071fd342031de89ee6c48ad99a17c9d960a44243ebc3cbb028da1d6bf');
INSERT INTO public.images VALUES ('4329b53f-c242-49d8-89c3-a86b659d00f1', '36d75087-5b01-4b96-8eae-6b2d4e45e544', 'ORIGINAL_FRONT', NULL, '2026-05-01 05:23:07.108266+00', '4dc5c9b979afe5230938220a8b51344ae81d6e03516021af554e1676ea945189');
INSERT INTO public.images VALUES ('8a13d97b-5b6f-4464-ab84-e415697a0529', '36d75087-5b01-4b96-8eae-6b2d4e45e544', 'PROCESSED_FRONT', NULL, '2026-05-01 05:23:07.271665+00', 'a428915213b87d5df255de550e4e5bc870af00aa5da7885eb8b0e0e3eefe6044');
INSERT INTO public.images VALUES ('dce9e8a5-e532-4d88-bfef-5dfac9d6402b', '64c990ac-bb0f-4e88-b6ca-8d0fb559c3d6', 'ORIGINAL_FRONT', NULL, '2026-05-01 05:23:09.19887+00', '624aeceb50a266cc507369f54e58dfb74d16c2b6aa39f4ade4fbe4b658a180bc');
INSERT INTO public.images VALUES ('4d9c0e29-06b0-471c-8611-697f8985f19d', '64c990ac-bb0f-4e88-b6ca-8d0fb559c3d6', 'PROCESSED_FRONT', NULL, '2026-05-01 05:23:09.359637+00', 'afd14ed4ed2b005cac1ceee6dd70e16af71863e87ee98e2db0591e11affdc351');


ALTER TABLE public.images ENABLE TRIGGER ALL;

--
-- Data for Name: models_3d; Type: TABLE DATA; Schema: public; Owner: wardrobe_user
--

ALTER TABLE public.models_3d DISABLE TRIGGER ALL;

INSERT INTO public.models_3d VALUES ('1d0bcdb9-07e8-46ea-ae8a-0114101129fe', '8d000001-0000-4000-8000-000000000001', 'glb', NULL, NULL, '2026-04-30 16:29:31.897635+00', '219426a8787f2ce7096e919f54404c485fbebf94ae00430404623598a2527813');
INSERT INTO public.models_3d VALUES ('1788e1bb-dafc-4168-a268-5678e88243c0', '8d000002-0000-4000-8000-000000000002', 'glb', NULL, NULL, '2026-04-30 16:29:31.897635+00', '49d634d1f487cc1b4e35c480aa13b3dcb38fbaa6f337be2c2bfc013b4522db44');
INSERT INTO public.models_3d VALUES ('568a5521-601c-4d1d-a735-b04295f40607', '8d000003-0000-4000-8000-000000000003', 'glb', NULL, NULL, '2026-04-30 16:29:31.897635+00', 'ddfb3251749c5ade006d7841c245dbfc8e56bb33d11496c892cfa8e1e1f13b02');


ALTER TABLE public.models_3d ENABLE TRIGGER ALL;

--
-- Data for Name: outfit_items; Type: TABLE DATA; Schema: public; Owner: wardrobe_user
--

ALTER TABLE public.outfit_items DISABLE TRIGGER ALL;



ALTER TABLE public.outfit_items ENABLE TRIGGER ALL;

--
-- Data for Name: outfit_preview_task_items; Type: TABLE DATA; Schema: public; Owner: wardrobe_user
--

ALTER TABLE public.outfit_preview_task_items DISABLE TRIGGER ALL;



ALTER TABLE public.outfit_preview_task_items ENABLE TRIGGER ALL;

--
-- Data for Name: processing_tasks; Type: TABLE DATA; Schema: public; Owner: wardrobe_user
--

ALTER TABLE public.processing_tasks DISABLE TRIGGER ALL;

INSERT INTO public.processing_tasks VALUES ('8dd2a556-a35a-4098-8a09-7c6672ab7777', 'dd5d6123-28a0-4bcf-a78c-4dd2199a579f', 'FULL_PIPELINE', 'COMPLETED', 100, NULL, '2026-05-01 05:22:53.239796+00', '2026-05-01 05:22:53.410278+00', '2026-05-01 05:22:53.232187+00', 1, NULL, 'pid-8dd2a556-a35a-4098-8a09-7c6672ab7777', NULL);
INSERT INTO public.processing_tasks VALUES ('8a67f318-f90a-4af7-a0a4-553ae0c2f4e1', 'd78e64ac-f9b9-4463-a571-b3c3cd0711c7', 'FULL_PIPELINE', 'COMPLETED', 100, NULL, '2026-04-29 05:06:38.362798+00', '2026-04-29 05:06:38.735963+00', '2026-04-29 05:06:38.004002+00', 1, NULL, 'pid-8a67f318-f90a-4af7-a0a4-553ae0c2f4e1', NULL);
INSERT INTO public.processing_tasks VALUES ('e024913f-7bb6-456f-949c-aa13f284b185', '19757371-f19f-4c54-97bd-7c0b1abedfd0', 'FULL_PIPELINE', 'COMPLETED', 100, NULL, '2026-05-01 05:23:05.024991+00', '2026-05-01 05:23:05.190992+00', '2026-05-01 05:23:05.018146+00', 1, NULL, 'pid-e024913f-7bb6-456f-949c-aa13f284b185', NULL);
INSERT INTO public.processing_tasks VALUES ('41583173-5ecc-4f12-9c50-2863ab4fdb31', '0b7432e3-b181-4494-aec6-d7d7109f0fbb', 'FULL_PIPELINE', 'COMPLETED', 100, NULL, '2026-05-01 05:22:55.332292+00', '2026-05-01 05:22:55.500093+00', '2026-05-01 05:22:55.32477+00', 1, NULL, 'pid-41583173-5ecc-4f12-9c50-2863ab4fdb31', NULL);
INSERT INTO public.processing_tasks VALUES ('60aedfba-8f84-4367-ac68-2173f4a4aa2d', 'dda1fda3-6816-4bbd-9911-4d5e054082a4', 'FULL_PIPELINE', 'COMPLETED', 100, NULL, '2026-04-29 11:52:30.913437+00', '2026-04-29 11:53:57.253755+00', '2026-04-29 07:59:30.87111+00', 1, NULL, 'pid-60aedfba-8f84-4367-ac68-2173f4a4aa2d', NULL);
INSERT INTO public.processing_tasks VALUES ('8e0c9c08-5674-4f38-be50-453b6de14c9a', '08435b56-1bf8-4a50-8b6c-e7185a7be45c', 'FULL_PIPELINE', 'COMPLETED', 100, NULL, '2026-05-01 05:22:57.42341+00', '2026-05-01 05:22:57.59273+00', '2026-05-01 05:22:57.416437+00', 1, NULL, 'pid-8e0c9c08-5674-4f38-be50-453b6de14c9a', NULL);
INSERT INTO public.processing_tasks VALUES ('0161f047-d68f-479d-b8fd-2c4bd72243b7', 'a2e5cfab-b1e3-4ccc-a9a7-7530b8dd5cde', 'FULL_PIPELINE', 'COMPLETED', 100, NULL, '2026-05-01 05:22:01.22621+00', '2026-05-01 05:22:49.931607+00', '2026-05-01 05:22:00.863567+00', 1, NULL, 'pid-0161f047-d68f-479d-b8fd-2c4bd72243b7', NULL);
INSERT INTO public.processing_tasks VALUES ('dc7219bb-7eef-4037-bbfe-da4142a0664b', '36d75087-5b01-4b96-8eae-6b2d4e45e544', 'FULL_PIPELINE', 'COMPLETED', 100, NULL, '2026-05-01 05:23:07.115878+00', '2026-05-01 05:23:07.282106+00', '2026-05-01 05:23:07.108721+00', 1, NULL, 'pid-dc7219bb-7eef-4037-bbfe-da4142a0664b', NULL);
INSERT INTO public.processing_tasks VALUES ('a36a6087-24fc-4afa-9b6a-607c28c56688', '40f1d3a5-0720-4aea-9089-ef3067b83552', 'FULL_PIPELINE', 'COMPLETED', 100, NULL, '2026-05-01 05:22:51.149116+00', '2026-05-01 05:22:51.386949+00', '2026-05-01 05:22:51.140489+00', 1, NULL, 'pid-a36a6087-24fc-4afa-9b6a-607c28c56688', NULL);
INSERT INTO public.processing_tasks VALUES ('cff7b504-5a40-4a5a-b3bd-960e51bd0f16', 'c8f26f59-c08d-4ec1-b6c4-9b30897ae459', 'FULL_PIPELINE', 'COMPLETED', 100, NULL, '2026-05-01 05:22:59.517592+00', '2026-05-01 05:22:59.706203+00', '2026-05-01 05:22:59.509896+00', 1, NULL, 'pid-cff7b504-5a40-4a5a-b3bd-960e51bd0f16', NULL);
INSERT INTO public.processing_tasks VALUES ('f49d49d6-5655-47b0-99dd-431b73441c8a', '24d22112-3eeb-4ed5-8260-02f684fa2d29', 'FULL_PIPELINE', 'COMPLETED', 100, NULL, '2026-05-01 05:23:00.842876+00', '2026-05-01 05:23:01.015317+00', '2026-05-01 05:23:00.835595+00', 1, NULL, 'pid-f49d49d6-5655-47b0-99dd-431b73441c8a', NULL);
INSERT INTO public.processing_tasks VALUES ('6615cee4-d324-499e-b6e8-a5db354b2891', '64c990ac-bb0f-4e88-b6ca-8d0fb559c3d6', 'FULL_PIPELINE', 'COMPLETED', 100, NULL, '2026-05-01 05:23:09.206342+00', '2026-05-01 05:23:09.370475+00', '2026-05-01 05:23:09.199226+00', 1, NULL, 'pid-6615cee4-d324-499e-b6e8-a5db354b2891', NULL);
INSERT INTO public.processing_tasks VALUES ('76064dc8-c7e4-4c04-988a-1e4cc8e1a58e', '4fd4269b-cc91-493b-a2d1-b7d75b6cd3e9', 'FULL_PIPELINE', 'COMPLETED', 100, NULL, '2026-05-01 05:23:02.93267+00', '2026-05-01 05:23:03.123639+00', '2026-05-01 05:23:02.924947+00', 1, NULL, 'pid-76064dc8-c7e4-4c04-988a-1e4cc8e1a58e', NULL);


ALTER TABLE public.processing_tasks ENABLE TRIGGER ALL;

--
-- Data for Name: styled_generations; Type: TABLE DATA; Schema: public; Owner: wardrobe_user
--

ALTER TABLE public.styled_generations DISABLE TRIGGER ALL;

INSERT INTO public.styled_generations VALUES ('22b83ce4-be78-4a36-8b42-7a195dc8c21a', '00000000-0000-0000-0000-000000000001', '64c990ac-bb0f-4e88-b6ca-8d0fb559c3d6', 'full body studio fashion photo, clean white background, realistic clothing fit', 'blurry, distorted hands, cropped body, extra limbs, duplicate person, watermark', 'v1.1', 'FAILED', 90, '(psycopg2.errors.NumericValueOutOfRange) integer out of range

[SQL: UPDATE styled_generations SET status=%(status)s, progress=%(progress)s, result_image_blob_hash=%(result_image_blob_hash)s, seed=%(seed)s, lease_expires_at=%(lease_expires_at)s, updated_at=%(updated_at)s WHERE styled_generations.id = %(styled_generations_id)s::UUID]
[parameters: {''status'': ''SUCCEEDED'', ''progress'': 100, ''result_image_blob_hash'': ''c7aba162675db04db42657cde6cd64af147fceba671b31300a3ad9a85603056c'', ''seed'': 915620232', 4.5, -1, 768, 768, '2026-05-01 12:53:01.057054+00', '2026-05-01 12:59:12.244359+00', '9668ee7455dad1aae7e214e61949195ec4cc41e977994dacfbb76a8204b84035', 'a4480be7d1b165126ee679dfb7d09e58338e2eceb8a912443d257662fd8eae18', NULL, 'FEMALE', '2026-05-01 12:53:03.166283+00', NULL, 'b0e60711abbf');
INSERT INTO public.styled_generations VALUES ('ecb8a064-06d3-4ae0-b65c-96158137fd2b', '00000000-0000-0000-0000-000000000001', 'd78e64ac-f9b9-4463-a571-b3c3cd0711c7', 'Full body realistic studio photo, front view, wearing the selected navy polo shirt, natural lighting', NULL, 'v1.1', 'FAILED', 35, 'DreamO service timed out. The model may be overloaded.', 4.5, 12345, 768, 1024, '2026-04-29 07:06:46.467341+00', '2026-04-29 07:11:37.129773+00', '9668ee7455dad1aae7e214e61949195ec4cc41e977994dacfbb76a8204b84035', 'a4480be7d1b165126ee679dfb7d09e58338e2eceb8a912443d257662fd8eae18', NULL, 'FEMALE', '2026-04-29 07:06:47.705815+00', NULL, '43dc39c41e0c');
INSERT INTO public.styled_generations VALUES ('66b033fb-4263-437a-9248-69430873ab7e', '00000000-0000-0000-0000-000000000001', 'd78e64ac-f9b9-4463-a571-b3c3cd0711c7', 'Full body realistic studio photo, front view, wearing the selected navy polo shirt, natural lighting', NULL, 'v1.1', 'SUCCEEDED', 100, NULL, 4.5, 12345, 768, 768, '2026-04-29 07:34:07.17142+00', '2026-04-29 07:38:37.696906+00', '9668ee7455dad1aae7e214e61949195ec4cc41e977994dacfbb76a8204b84035', 'a4480be7d1b165126ee679dfb7d09e58338e2eceb8a912443d257662fd8eae18', 'c0f0f3d2cad493b624246bff76b1e633f11facd3a5fdd855f2bad75e47f41ebb', 'FEMALE', '2026-04-29 07:34:07.288539+00', NULL, '2c28b7745dd1');


ALTER TABLE public.styled_generations ENABLE TRIGGER ALL;

--
-- Data for Name: styled_generation_clothing_items; Type: TABLE DATA; Schema: public; Owner: wardrobe_user
--

ALTER TABLE public.styled_generation_clothing_items DISABLE TRIGGER ALL;

INSERT INTO public.styled_generation_clothing_items VALUES ('05443c86-f19a-4e5e-8b29-01b39bb53984', 'ecb8a064-06d3-4ae0-b65c-96158137fd2b', 'd78e64ac-f9b9-4463-a571-b3c3cd0711c7', 'TOP', 0, '2026-04-29 07:06:46.490979+00');
INSERT INTO public.styled_generation_clothing_items VALUES ('0a3ee3ac-1825-4fe7-9959-3eadf39078f5', '66b033fb-4263-437a-9248-69430873ab7e', 'd78e64ac-f9b9-4463-a571-b3c3cd0711c7', 'TOP', 0, '2026-04-29 07:34:07.175972+00');
INSERT INTO public.styled_generation_clothing_items VALUES ('83a43adb-a72e-4b35-b299-f25062d74db8', '22b83ce4-be78-4a36-8b42-7a195dc8c21a', '64c990ac-bb0f-4e88-b6ca-8d0fb559c3d6', 'TOP', 0, '2026-05-01 12:53:01.081404+00');
INSERT INTO public.styled_generation_clothing_items VALUES ('1092528d-aa6a-4cfb-9a39-35e370181926', '22b83ce4-be78-4a36-8b42-7a195dc8c21a', '0b7432e3-b181-4494-aec6-d7d7109f0fbb', 'PANTS', 1, '2026-05-01 12:53:01.081412+00');


ALTER TABLE public.styled_generation_clothing_items ENABLE TRIGGER ALL;

--
-- Data for Name: wardrobe_items; Type: TABLE DATA; Schema: public; Owner: wardrobe_user
--

ALTER TABLE public.wardrobe_items DISABLE TRIGGER ALL;

INSERT INTO public.wardrobe_items VALUES ('4031d328-7ce6-494c-8578-0fe01acc92d4', 'd9042053-b547-4643-a6f0-9cf5e404e793', '52334e4e-98cc-4aab-95aa-b905c175833c', '2026-04-29 05:00:36.339839+00', NULL);
INSERT INTO public.wardrobe_items VALUES ('d308dfb4-acd6-4e11-a558-ace0cea9bce1', '24e71747-d92f-424d-bca7-b5fe4aee80fb', 'd78e64ac-f9b9-4463-a571-b3c3cd0711c7', '2026-04-29 05:06:38.007282+00', NULL);
INSERT INTO public.wardrobe_items VALUES ('6ea80f5d-8e97-4266-9003-aed845b9ca37', 'd9042053-b547-4643-a6f0-9cf5e404e793', 'dda1fda3-6816-4bbd-9911-4d5e054082a4', '2026-04-29 07:59:30.879096+00', NULL);
INSERT INTO public.wardrobe_items VALUES ('9cc714bd-d2e9-42c3-a1a9-7a5081195543', '1c32fda9-50fe-43f0-a5c6-f0d6fd633b41', '52334e4e-98cc-4aab-95aa-b905c175833c', '2026-04-29 08:00:40.069479+00', NULL);
INSERT INTO public.wardrobe_items VALUES ('f2b9d35e-96f1-42c7-a607-a8bb9b79a69a', '6ca4241a-07be-48c7-8163-16d6f895f907', 'd78e64ac-f9b9-4463-a571-b3c3cd0711c7', '2026-04-30 16:13:12.558301+00', NULL);
INSERT INTO public.wardrobe_items VALUES ('2a09a3b8-fc5c-4536-b433-7d680e588aa3', '96e922d0-51db-4472-a794-a75f3acf8e40', 'd78e64ac-f9b9-4463-a571-b3c3cd0711c7', '2026-04-30 16:13:47.088294+00', NULL);
INSERT INTO public.wardrobe_items VALUES ('20bc7f7e-4610-4bda-a208-eacf7d11b449', '24e71747-d92f-424d-bca7-b5fe4aee80fb', '8d000001-0000-4000-8000-000000000001', '2026-04-30 16:29:31.897635+00', NULL);
INSERT INTO public.wardrobe_items VALUES ('681d87ac-a41d-4f8c-af14-2d2387a37a88', '24e71747-d92f-424d-bca7-b5fe4aee80fb', '8d000002-0000-4000-8000-000000000002', '2026-04-30 16:29:31.897635+00', NULL);
INSERT INTO public.wardrobe_items VALUES ('dc8b9c98-a62e-4121-a1eb-0869b23280f1', '24e71747-d92f-424d-bca7-b5fe4aee80fb', '8d000003-0000-4000-8000-000000000003', '2026-04-30 16:29:31.897635+00', NULL);
INSERT INTO public.wardrobe_items VALUES ('69016685-e763-4bfb-9140-932028031e3e', '8d000000-0000-4000-8000-00000000f001', '8d000001-0000-4000-8000-000000000001', '2026-04-30 16:29:31.897635+00', 0);
INSERT INTO public.wardrobe_items VALUES ('b935004d-081d-4ed6-b7cf-fa08123c8301', '8d000000-0000-4000-8000-00000000f001', '8d000002-0000-4000-8000-000000000002', '2026-04-30 16:29:31.897635+00', 1);
INSERT INTO public.wardrobe_items VALUES ('ffa5bcf1-207d-4cee-bcd2-4aac2e9ad808', '8d000000-0000-4000-8000-00000000f001', '8d000003-0000-4000-8000-000000000003', '2026-04-30 16:29:31.897635+00', 2);
INSERT INTO public.wardrobe_items VALUES ('9d8bef85-0080-4a47-b44c-41270bb9d74e', 'e56c9e3d-e0ce-4ce5-8b95-4f57fd9bd405', '8d000003-0000-4000-8000-000000000003', '2026-05-01 04:58:08.355379+00', NULL);
INSERT INTO public.wardrobe_items VALUES ('31e5e315-e9c2-4146-954b-ba207ae824e5', '24e71747-d92f-424d-bca7-b5fe4aee80fb', 'a2e5cfab-b1e3-4ccc-a9a7-7530b8dd5cde', '2026-05-01 05:22:00.865957+00', NULL);
INSERT INTO public.wardrobe_items VALUES ('d8026118-9606-4046-a977-ed486566a0f9', '24e71747-d92f-424d-bca7-b5fe4aee80fb', '40f1d3a5-0720-4aea-9089-ef3067b83552', '2026-05-01 05:22:51.141702+00', NULL);
INSERT INTO public.wardrobe_items VALUES ('a9633dac-46f3-45bf-b049-3fa4713c9b55', '24e71747-d92f-424d-bca7-b5fe4aee80fb', 'dd5d6123-28a0-4bcf-a78c-4dd2199a579f', '2026-05-01 05:22:53.233615+00', NULL);
INSERT INTO public.wardrobe_items VALUES ('4f280253-f086-4f2e-9405-35d4c227e888', '24e71747-d92f-424d-bca7-b5fe4aee80fb', '0b7432e3-b181-4494-aec6-d7d7109f0fbb', '2026-05-01 05:22:55.326181+00', NULL);
INSERT INTO public.wardrobe_items VALUES ('70ef502b-ac08-41c5-84dc-fe96a8b2bd29', '24e71747-d92f-424d-bca7-b5fe4aee80fb', '08435b56-1bf8-4a50-8b6c-e7185a7be45c', '2026-05-01 05:22:57.41763+00', NULL);
INSERT INTO public.wardrobe_items VALUES ('a45b1312-0a8a-47a2-876c-9a556ff48e6d', '24e71747-d92f-424d-bca7-b5fe4aee80fb', 'c8f26f59-c08d-4ec1-b6c4-9b30897ae459', '2026-05-01 05:22:59.511303+00', NULL);
INSERT INTO public.wardrobe_items VALUES ('e2be3d3a-2345-4197-9fcd-2b530d40c53e', '24e71747-d92f-424d-bca7-b5fe4aee80fb', '24d22112-3eeb-4ed5-8260-02f684fa2d29', '2026-05-01 05:23:00.836819+00', NULL);
INSERT INTO public.wardrobe_items VALUES ('11ae551c-6c98-47a2-8f1f-b3db2d480184', '24e71747-d92f-424d-bca7-b5fe4aee80fb', '4fd4269b-cc91-493b-a2d1-b7d75b6cd3e9', '2026-05-01 05:23:02.926272+00', NULL);
INSERT INTO public.wardrobe_items VALUES ('801d4ae0-3e87-40f2-a48b-032b2af6f926', '24e71747-d92f-424d-bca7-b5fe4aee80fb', '19757371-f19f-4c54-97bd-7c0b1abedfd0', '2026-05-01 05:23:05.019342+00', NULL);
INSERT INTO public.wardrobe_items VALUES ('7142f33a-3349-4aed-9805-7fecc9a14fba', '24e71747-d92f-424d-bca7-b5fe4aee80fb', '36d75087-5b01-4b96-8eae-6b2d4e45e544', '2026-05-01 05:23:07.109868+00', NULL);
INSERT INTO public.wardrobe_items VALUES ('72d71262-b5fc-4fe6-b53a-3134043f6a46', '24e71747-d92f-424d-bca7-b5fe4aee80fb', '64c990ac-bb0f-4e88-b6ca-8d0fb559c3d6', '2026-05-01 05:23:09.200521+00', NULL);
INSERT INTO public.wardrobe_items VALUES ('633222d8-4125-41f2-8796-eac26f05dbd8', '6b974ef6-db7f-42f0-af4f-3394647dece7', 'a2e5cfab-b1e3-4ccc-a9a7-7530b8dd5cde', '2026-05-01 05:28:55.253836+00', NULL);
INSERT INTO public.wardrobe_items VALUES ('f4744cc9-1af9-4b64-8410-f03dc87c7b1b', '6b974ef6-db7f-42f0-af4f-3394647dece7', '40f1d3a5-0720-4aea-9089-ef3067b83552', '2026-05-01 05:28:55.264319+00', NULL);
INSERT INTO public.wardrobe_items VALUES ('d0146c56-aefd-4b03-8c7e-66c502f25e11', '6b974ef6-db7f-42f0-af4f-3394647dece7', 'dd5d6123-28a0-4bcf-a78c-4dd2199a579f', '2026-05-01 05:28:55.27215+00', NULL);
INSERT INTO public.wardrobe_items VALUES ('b4e196ea-50e3-4073-ab33-53cced1139fb', '6b974ef6-db7f-42f0-af4f-3394647dece7', '0b7432e3-b181-4494-aec6-d7d7109f0fbb', '2026-05-01 05:28:55.280222+00', NULL);
INSERT INTO public.wardrobe_items VALUES ('4748f5c6-ca93-45a3-95c1-65afeed985aa', '6b974ef6-db7f-42f0-af4f-3394647dece7', '08435b56-1bf8-4a50-8b6c-e7185a7be45c', '2026-05-01 05:28:55.288573+00', NULL);
INSERT INTO public.wardrobe_items VALUES ('d9660648-a58b-4128-9bec-fdbf69d92d58', '6b974ef6-db7f-42f0-af4f-3394647dece7', 'c8f26f59-c08d-4ec1-b6c4-9b30897ae459', '2026-05-01 05:28:55.296061+00', NULL);
INSERT INTO public.wardrobe_items VALUES ('d943be2c-d471-456e-9275-644db3284236', '6b974ef6-db7f-42f0-af4f-3394647dece7', '24d22112-3eeb-4ed5-8260-02f684fa2d29', '2026-05-01 05:28:55.303141+00', NULL);
INSERT INTO public.wardrobe_items VALUES ('22b0c8e4-c3cc-4d19-a3ae-dfdb6de067e4', '6b974ef6-db7f-42f0-af4f-3394647dece7', '4fd4269b-cc91-493b-a2d1-b7d75b6cd3e9', '2026-05-01 05:28:55.311827+00', NULL);
INSERT INTO public.wardrobe_items VALUES ('4d201b1d-33a1-416c-9446-340f6b53040e', '6b974ef6-db7f-42f0-af4f-3394647dece7', '19757371-f19f-4c54-97bd-7c0b1abedfd0', '2026-05-01 05:28:55.320764+00', NULL);
INSERT INTO public.wardrobe_items VALUES ('efed5e21-36a3-438c-9f6f-b592bbd96cf2', '6b974ef6-db7f-42f0-af4f-3394647dece7', '36d75087-5b01-4b96-8eae-6b2d4e45e544', '2026-05-01 05:28:55.329078+00', NULL);
INSERT INTO public.wardrobe_items VALUES ('92b8c415-5d56-4e7c-aeae-714983a3adb5', '6b974ef6-db7f-42f0-af4f-3394647dece7', '64c990ac-bb0f-4e88-b6ca-8d0fb559c3d6', '2026-05-01 05:28:55.336509+00', NULL);
INSERT INTO public.wardrobe_items VALUES ('1452f87a-251c-4b6c-a0b6-e8471c194a47', 'fd9c68aa-959a-479c-b1d3-bf31d601cf94', '08435b56-1bf8-4a50-8b6c-e7185a7be45c', '2026-05-01 09:43:40.665906+00', NULL);
INSERT INTO public.wardrobe_items VALUES ('dada3b89-942f-4e06-9cc3-6808d0f7ae64', 'fd9c68aa-959a-479c-b1d3-bf31d601cf94', '8d000003-0000-4000-8000-000000000003', '2026-05-01 09:43:40.668255+00', NULL);
INSERT INTO public.wardrobe_items VALUES ('78d5ae9b-2e2f-479c-be58-723fe10d8c8c', 'fd9c68aa-959a-479c-b1d3-bf31d601cf94', 'dd5d6123-28a0-4bcf-a78c-4dd2199a579f', '2026-05-01 09:43:40.67149+00', NULL);
INSERT INTO public.wardrobe_items VALUES ('28125b0a-eea8-4490-bae4-00fdcc73f09b', 'fd9c68aa-959a-479c-b1d3-bf31d601cf94', '4fd4269b-cc91-493b-a2d1-b7d75b6cd3e9', '2026-05-01 09:43:40.672815+00', NULL);
INSERT INTO public.wardrobe_items VALUES ('26232cd9-eb89-4f5e-ac73-9fb3fa9d37dd', '8b211a24-61d9-4d26-b64c-dfc809bc524e', '08435b56-1bf8-4a50-8b6c-e7185a7be45c', '2026-05-01 12:03:10.857325+00', NULL);
INSERT INTO public.wardrobe_items VALUES ('0cf41eb8-6559-4c44-a818-fda35d28d553', '8b211a24-61d9-4d26-b64c-dfc809bc524e', '64c990ac-bb0f-4e88-b6ca-8d0fb559c3d6', '2026-05-01 12:03:10.860852+00', NULL);
INSERT INTO public.wardrobe_items VALUES ('0af7f49a-ab1b-42ee-a590-e28366b378e0', '8b211a24-61d9-4d26-b64c-dfc809bc524e', '0b7432e3-b181-4494-aec6-d7d7109f0fbb', '2026-05-01 12:03:10.862509+00', NULL);
INSERT INTO public.wardrobe_items VALUES ('e7184407-5d53-4a46-9781-1c95ee13ab5e', '8b211a24-61d9-4d26-b64c-dfc809bc524e', '24d22112-3eeb-4ed5-8260-02f684fa2d29', '2026-05-01 12:03:10.863517+00', NULL);


ALTER TABLE public.wardrobe_items ENABLE TRIGGER ALL;

--
-- PostgreSQL database dump complete
--

\unrestrict fBpNIuUaXNeDmM1rPKN2Lh9OXKtEjklAl9cKnsbt47DfJGihZiEpVdQnmyq06wp

